{
    "global": {
        "check_for_updates_on_startup": true,
        "show_in_menu_bar": true,
        "show_profile_name_in_menu_bar": false
    },
    "profiles": [
        {
            "complex_modifications": {
                "parameters": {
                    "basic.simultaneous_threshold_milliseconds": 50,
                    "basic.to_delayed_action_delay_milliseconds": 500,
                    "basic.to_if_alone_timeout_milliseconds": 1000,
                    "basic.to_if_held_down_threshold_milliseconds": 500,
                    "mouse_motion_to_scroll.speed": 100
                },
                "rules": [
                    {
                        "description": "Change fn + i/j/k/l' to arrow keys",
                        "manipulators": [
                            {
                                "from": {
                                    "key_code": "i",
                                    "modifiers": {
                                        "mandatory": [
                                            "fn"
                                        ],
                                        "optional": [
                                            "any"
                                        ]
                                    }
                                },
                                "to": [
                                    {
                                        "key_code": "up_arrow"
                                    }
                                ],
                                "type": "basic"
                            },
                            {
                                "from": {
                                    "key_code": "j",
                                    "modifiers": {
                                        "mandatory": [
                                            "fn"
                                        ],
                                        "optional": [
                                            "any"
                                        ]
                                    }
                                },
                                "to": [
                                    {
                                        "key_code": "left_arrow"
                                    }
                                ],
                                "type": "basic"
                            },
                            {
                                "from": {
                                    "key_code": "k",
                                    "modifiers": {
                                        "mandatory": [
                                            "fn"
                                        ],
                                        "optional": [
                                            "any"
                                        ]
                                    }
                                },
                                "to": [
                                    {
                                        "key_code": "down_arrow"
                                    }
                                ],
                                "type": "basic"
                            },
                            {
                                "from": {
                                    "key_code": "l",
                                    "modifiers": {
                                        "mandatory": [
                                            "fn"
                                        ],
                                        "optional": [
                                            "any"
                                        ]
                                    }
                                },
                                "to": [
                                    {
                                        "key_code": "right_arrow"
                                    }
                                ],
                                "type": "basic"
                            }
                        ]
                    }
                ]
            },
            "devices": [
                {
                    "disable_built_in_keyboard_if_exists": false,
                    "fn_function_keys": [],
                    "identifiers": {
                        "is_keyboard": true,
                        "is_pointing_device": false,
                        "product_id": 635,
                        "vendor_id": 1452
                    },
                    "ignore": false,
                    "manipulate_caps_lock_led": true,
                    "simple_modifications": [
                        {
                            "from": {
                                "key_code": "left_arrow"
                            },
                            "to": [
                                {
                                    "key_code": "right_control"
                                }
                            ]
                        }
                    ]
                },
                {
                    "disable_built_in_keyboard_if_exists": false,
                    "fn_function_keys": [],
                    "identifiers": {
                        "is_keyboard": true,
                        "is_pointing_device": false,
                        "product_id": 34304,
                        "vendor_id": 1452
                    },
                    "ignore": true,
                    "manipulate_caps_lock_led": true,
                    "simple_modifications": []
                },
                {
                    "disable_built_in_keyboard_if_exists": false,
                    "fn_function_keys": [],
                    "identifiers": {
                        "is_keyboard": true,
                        "is_pointing_device": false,
                        "product_id": 591,
                        "vendor_id": 1452
                    },
                    "ignore": false,
                    "manipulate_caps_lock_led": true,
                    "simple_modifications": [
                        {
                            "from": {
                                "key_code": "down_arrow"
                            },
                            "to": [
                                {
                                    "mouse_key": {
                                        "y": 1536
                                    }
                                }
                            ]
                        },
                        {
                            "from": {
                                "key_code": "left_arrow"
                            },
                            "to": [
                                {
                                    "mouse_key": {
                                        "x": -1536
                                    }
                                }
                            ]
                        },
                        {
                            "from": {
                                "key_code": "left_command"
                            },
                            "to": [
                                {
                                    "key_code": "left_control"
                                }
                            ]
                        },
                        {
                            "from": {
                                "key_code": "left_control"
                            },
                            "to": [
                                {
                                    "apple_vendor_top_case_key_code": "keyboard_fn"
                                }
                            ]
                        },
                        {
                            "from": {
                                "key_code": "left_option"
                            },
                            "to": [
                                {
                                    "key_code": "left_command"
                                }
                            ]
                        },
                        {
                            "from": {
                                "key_code": "right_arrow"
                            },
                            "to": [
                                {
                                    "mouse_key": {
                                        "x": 1536
                                    }
                                }
                            ]
                        },
                        {
                            "from": {
                                "key_code": "right_command"
                            },
                            "to": [
                                {
                                    "key_code": "right_control"
                                }
                            ]
                        },
                        {
                            "from": {
                                "key_code": "up_arrow"
                            },
                            "to": [
                                {
                                    "mouse_key": {
                                        "y": -1536
                                    }
                                }
                            ]
                        }
                    ]
                },
                {
                    "disable_built_in_keyboard_if_exists": false,
                    "fn_function_keys": [],
                    "identifiers": {
                        "is_keyboard": true,
                        "is_pointing_device": false,
                        "product_id": 49970,
                        "vendor_id": 1133
                    },
                    "ignore": true,
                    "manipulate_caps_lock_led": false,
                    "simple_modifications": []
                },
                {
                    "disable_built_in_keyboard_if_exists": false,
                    "fn_function_keys": [],
                    "identifiers": {
                        "is_keyboard": false,
                        "is_pointing_device": true,
                        "product_id": 49970,
                        "vendor_id": 1133
                    },
                    "ignore": true,
                    "manipulate_caps_lock_led": false,
                    "simple_modifications": []
                }
            ],
            "fn_function_keys": [
                {
                    "from": {
                        "key_code": "f1"
                    },
                    "to": [
                        {
                            "key_code": "f1"
                        }
                    ]
                },
                {
                    "from": {
                        "key_code": "f2"
                    },
                    "to": [
                        {
                            "key_code": "f2"
                        }
                    ]
                },
                {
                    "from": {
                        "key_code": "f3"
                    },
                    "to": [
                        {
                            "key_code": "f3"
                        }
                    ]
                },
                {
                    "from": {
                        "key_code": "f4"
                    },
                    "to": [
                        {
                            "key_code": "f4"
                        }
                    ]
                },
                {
                    "from": {
                        "key_code": "f5"
                    },
                    "to": [
                        {
                            "key_code": "f5"
                        }
                    ]
                },
                {
                    "from": {
                        "key_code": "f6"
                    },
                    "to": [
                        {
                            "key_code": "f6"
                        }
                    ]
                },
                {
                    "from": {
                        "key_code": "f7"
                    },
                    "to": [
                        {
                            "key_code": "f7"
                        }
                    ]
                },
                {
                    "from": {
                        "key_code": "f8"
                    },
                    "to": [
                        {
                            "key_code": "f8"
                        }
                    ]
                },
                {
                    "from": {
                        "key_code": "f9"
                    },
                    "to": [
                        {
                            "key_code": "f9"
                        }
                    ]
                },
                {
                    "from": {
                        "key_code": "f10"
                    },
                    "to": [
                        {
                            "key_code": "f10"
                        }
                    ]
                },
                {
                    "from": {
                        "key_code": "f11"
                    },
                    "to": [
                        {
                            "key_code": "f11"
                        }
                    ]
                },
                {
                    "from": {
                        "key_code": "f12"
                    },
                    "to": [
                        {
                            "key_code": "f12"
                        }
                    ]
                }
            ],
            "name": "Default profile",
            "parameters": {
                "delay_milliseconds_before_open_device": 1000
            },
            "selected": true,
            "simple_modifications": [
                {
                    "from": {
                        "key_code": "caps_lock"
                    },
                    "to": [
                        {
                            "key_code": "escape"
                        }
                    ]
                },
                {
                    "from": {
                        "key_code": "escape"
                    },
                    "to": [
                        {
                            "key_code": "caps_lock"
                        }
                    ]
                }
            ],
            "virtual_hid_keyboard": {
                "country_code": 0,
                "indicate_sticky_modifier_keys_state": true,
                "mouse_key_xy_scale": 100
            }
        }
    ]
}